label,0
Abeliophyllum distichum Nakai,4
Acacia angustissima (Mill.) Kuntze,8
Acacia auriculiformis A.Cunn. ex Benth.,12
Acacia auriculiformis Benth.,14
Acacia baileyana F.Muell.,55
Acacia berlandieri Benth.,4
Acacia brevispica Harms,9
Acacia caven (Molina) Molina,8
Acacia cognata Domin,3
Acacia confluens Maiden & Blakeley,7
Acacia confusa Merr.,4
Acacia dealbata Link,1028
Acacia drepanolobium Harms ex Y. Sjöstedt,21
Acacia etbaica Schweinf.,7
Acacia farnesiana Willd.,3
Acacia heterophylla (Lam.) Willd.,40
Acacia hockii De Wild.,8
Acacia koaia Hillebr.,6
Acacia longifolia (Andrews) Willd.,104
Acacia mangium Willd.,21
Acacia mearnsii De Wild.,103
Acacia melanoxylon R.Br.,82
Acacia mellifera (Vahl) Benth.,24
Acacia nilotica (L.) Delile,8
Acacia podalyriifolia A.Cunn. ex G.Don,3
Acacia podalyriifolia G.Don,8
Acacia pravissima F.Muell.,2
Acacia pycnantha Benth.,45
Acacia redolens Maslin,4
Acacia retinodes Schltdl.,259
Acacia rigidula Benth.,2
Acacia saligna (Labill.) H.L.Wendl.,55
Acacia saligna (Labill.) Wendl.,28
Acacia senegalensis (Houtt.) Roberty,2
Acacia seyal Delile,21
Acacia simplex (Sparman) Pedley,2
Acacia spirorbis Labill.,8
Acacia tortilis (Forssk.) Hayne,23
Acacia tortuosa (L.) Willd.,7
Acacia xanthophloea Benth.,15
Acalypha aristata Kunth,11
Acalypha crenata Hochst. ex A. Rich.,8
Acalypha hispida Burm. f.,5
Acalypha hispida Burm.f.,146
Acalypha indica L.,86
Acalypha integrifolia Willd.,7
Acalypha macrostachya Jacq.,12
Acalypha virginica L.,115
Acalypha wilkesiana Müll.Arg.,239
Achyranthes aspera L.,81
Aciotis rubricaulis (Mart. ex DC.) Triana,3
Adenostyles alliariae (Gouan) A.Kern.,263
Adenostyles alpina (L.) Bluff & Fingerh.,399
Adenostyles leucophylla (Willd.) Rchb.,72
"Adlumia fungosa (Aiton) Britton, Sterns & Poggenb.",2
Adonis aestivalis L.,90
Adonis annua L.,113
Adonis flammea Jacq.,23
Adonis microcarpa DC.,7
Adonis pyrenaica DC.,7
Adonis vernalis L.,130
Aegopodium podagraria L.,2385
Aeschynomene americana L.,10
Aextoxicon punctatum Ruiz & Pav.,5
Aizoanthemum hispanicum (L.) H.E.K.Hartmann,4
Aizoon canariense L.,10
Alcea biennis Winterl,65
Alcea rosea L.,4285
Alcea setosa (Boiss.) Alef.,18
Alibertia edulis (Rich.) A. Rich.,3
Alliaria petiolata (M. Bieb.) Cavara & Grande,520
Alliaria petiolata (M.Bieb.) Cavara & Grande,6337
Alocasia baginda Kurniawan & P.C.Boyce,2
Alocasia cucullata (Lour.) G. Don,4
Alocasia cucullata (Lour.) G.Don,103
Alocasia cuprea K.Koch,7
Alocasia lauterbachiana (Engl.) A.Hay,14
Alocasia longiloba Miq.,60
Alocasia macrorrhizos (L.) G. Don,18
Alocasia macrorrhizos (L.) G.Don,280
Alocasia micholitziana Sander,47
Alocasia odora (Lindl.) K.Koch,47
Alocasia reginula A.Hay,24
Alocasia sanderiana W.Bull,357
Alocasia wentii Engl. & K.Krause,8
Alocasia zebrina Schott ex Van Houtte,49
Althaea cannabina L.,234
Althaea officinalis L.,744
Anemone alpina L.,1348
Anemone apennina L.,123
Anemone baldensis L.,35
Anemone blanda Schott & Kotschy,456
Anemone canadensis L.,139
Anemone coronaria L.,677
Anemone halleri All.,16
Anemone hepatica L.,1899
Anemone hortensis L.,351
Anemone hupehensis (Lemoine) Lemoine,2200
Anemone montana Hoppe,14
Anemone multifida Poir.,5
Anemone narcissiflora L.,202
Anemone nemorosa L.,3388
Anemone palmata L.,15
Anemone patens L.,15
Anemone pavoniana Boiss.,2
Anemone pratensis L.,27
Anemone pulsatilla L.,646
Anemone ranunculoides L.,479
Anemone rubra Lam.,71
Anemone sylvestris L.,471
Anemone tomentosa (Maxim.) C.Pei,28
Anemone trifolia L.,34
Anemone vernalis L.,179
Anemone virginiana L.,56
Anemone vitifolia Buch.-Ham. ex DC.,6
Anemone x hybrida Paxton,23
Angelica archangelica L.,238
Angelica atropurpurea L.,53
Angelica heterocarpa J.Lloyd,2
Angelica lucida L.,3
Angelica razulii Gouan,14
Angelica sylvestris L.,1757
Angostura granulosa (Kallunki) Kallunki,4
"Anisocampium niponicum (Mett.) Y.C.Liu, W.L. Chiou & M. Kato",12
Ansellia africana Lindl.,7
Anthericum liliago L.,740
Anthericum ramosum L.,151
Anthurium andraeanum Linden ex André,2241
Anthurium clarinervium Matuda,63
Anthurium crystallinum Linden & André,3
Anthurium faustomirandae Pérez-Farr. & Croat,5
Anthurium hookeri Kunth,34
Anthurium jenmanii Engl.,8
Anthurium salvinii Hemsl.,7
Anthurium scandens (Aubl.) Engl.,2
Anthurium scherzerianum Schott,22
Anthurium schlechtendalii Kunth,6
Anthurium veitchii Mast.,8
Anthurium warocqueanum T.Moore,5
Antirhea borbonica J.F.Gmel.,15
Aphelandra aurantiaca Lindl.,2
Aphelandra scabra (Vahl) Sm.,5
Aphelandra sinclairiana Nees,4
Aphelandra squarrosa Nees,227
Aralia californica S. Watson,6
Aralia elata (Miq.) Seem.,84
Aralia hispida Vent.,7
Aralia nudicaulis L.,137
Aralia racemosa L.,36
Aralia spinosa L.,46
Aristea abyssinica Pax,4
Aristea ecklonii Baker,3
Arthraxon hispidus (Thunb.) Makino,3
Aspilia mossambicensis (Oliv.) Wild,21
Aspilia pluriseta Schweinf.,4
Astydamia latifolia Baill.,7
Asystasia charmian S. Moore,6
Asystasia gangetica (L.) T. Anderson,7
Asystasia gangetica (L.) T.Anderson,187
Asystasia mysorensis (Roth) T.Anderson,8
Asystasia riparia Lindau,3
Atocion rupestre (L.) B.Oxelman,124
Atractocarpus platyxylon (Vieill. ex Pancher & Sebert) Guillaumin,2
Balsamorhiza sagittata (Pursh) Nutt.,21
Barbarea intermedia Boreau,26
Barbarea orthoceras Ledeb.,53
Barbarea rupicola Moris,5
Barbarea verna (Mill.) Asch.,255
Barbarea vulgaris R.Br.,1070
Barbarea vulgaris W.T. Aiton,11
Barringtonia acutangula (L.) Gaertn.,2
Barringtonia asiatica (L.) Kurz,85
Bellium bellidioides L.,8
Berula erecta (Huds.) Coville,98
Bismarckia nobilis Hildebr. & H.Wendl.,55
Bocoa prouacensis Aubl.,44
Bonafousia undulata (Vahl) A.DC.,3
Boscia angustifolia A. Rich.,6
Boscia coriacea Pax,7
Boscia mossambicensis Klotzsch,6
Bourreria andrieuxii (DC.) Hemsl.,2
Bourreria costaricensis (Standl.) A.H. Gentry,5
Bourreria succulenta Jacq.,2
Breynia disticha J.R.Forst. & G.Forst.,127
Breynia vitis-idaea (Burm.f.) C.E.C.Fisch.,4
Brodiaea elegans Hoover,9
Browallia americana L.,7
Browallia speciosa Hook.,2
Butomus umbellatus L.,304
Calendula arvensis (Vaill.) L.,96
Calendula arvensis L.,748
Calendula arvensis M.Bieb.,187
Calendula officinalis L.,4837
Calendula stellata Cav.,79
Calochortus eurycarpus S. Watson,2
Calochortus gunnisonii S. Watson,5
Calochortus leichtlinii Hook. f.,4
Calochortus luteus Douglas ex Lindl.,4
Calochortus macrocarpus Douglas,10
Calochortus splendens Douglas ex Benth.,2
Calochortus tolmiei Hook. & Arn.,4
Calodendrum capense (L.f.) Thunb.,7
Calycanthus floridus L.,288
Calycanthus occidentalis Hook. & Arn.,4
Calylophus hartwegii (Benth.) P.H. Raven,3
Caraipa densifolia Mart.,4
Caraipa punctulata Ducke,2
Carthamus caeruleus L.,9
Carthamus carduncellus L.,40
Carthamus lanatus L.,261
Carthamus mitissimus L.,64
Carthamus tinctorius L.,185
Casuarina cunninghamiana Miq.,243
Casuarina equisetifolia L.,98
Cedrela fissilis Vell.,2
Cedrela odorata L.,19
Cenchrus ciliaris L.,36
Cenchrus clandestinus (Hochst. ex Chiov.) Morrone,2
Cenchrus echinatus L.,8
Cenchrus longisetus M.C.Johnst.,47
Cenchrus longispinus (Hack.) Fernald,8
Cenchrus purpureus (Schumach.) Morrone,20
Cenchrus setaceus (Forssk.) Morrone,309
Centranthus angustifolius (Mill.) DC.,139
Centranthus calcitrapae (L.) Dufr.,103
Centranthus lecoqii Jord.,31
Centranthus ruber (L.) DC.,5334
Cerbera manghas L.,20
Cereus forbesii C.F.Först.,21
Cereus hexagonus (L.) Mill.,111
Cereus hildmannianus K.Schum.,2
Cereus jamacaru DC.,229
Cereus repandus (L.) Mill.,90
Cereus uruguayanus R. Kiesling,19
Chaerophyllum aromaticum L.,2
Chaerophyllum aureum L.,68
Chaerophyllum bulbosum L.,51
Chaerophyllum hirsutum L.,230
Chaerophyllum tainturieri Hook.,11
Chaerophyllum temulum L.,794
Chaerophyllum villarsii W.D.J.Koch,20
Chamerion latifolium (L.) Holub,5
Cirsium acaulon (L.) Scop.,262
Cirsium alsophilum (Pollini) Greuter,7
Cirsium altissimum (L.) Hill,25
Cirsium arvense (L.) Scop.,3419
Cirsium canum (L.) All.,10
Cirsium discolor (Muhl. ex Willd.) Spreng.,15
Cirsium dissectum (L.) Hill,24
Cirsium eriophorum (L.) Scop.,784
Cirsium erisithales (Jacq.) Scop.,112
Cirsium ferox (L.) DC.,15
Cirsium filipendulum Lange,4
Cirsium foliosum (Hook.) DC.,6
Cirsium glabrum DC.,2
Cirsium heterophyllum (L.) Hill,179
Cirsium horridulum Michx.,18
Cirsium monspessulanum (L.) Hill,88
Cirsium morisianum Rchb.f.,5
Cirsium muticum Michx.,6
Cirsium oleraceum (L.) Scop.,681
Cirsium palustre (L.) Coss. ex Scop.,124
Cirsium palustre (L.) Scop.,710
Cirsium rivulare (Jacq.) All.,101
Cirsium spinosissimum (L.) Scop.,217
Cirsium texanum Buckley,30
Cirsium tuberosum (L.) All.,46
Cirsium undulatum (Nutt.) Spreng.,8
Cirsium vulgare (Savi) Ten.,5178
Clethra alnifolia L.,119
Cobaea scandens Cav.,62
Collomia grandiflora Douglas ex Lindl.,34
Comptonia peregrina (L.) J.M. Coult.,16
Conoclinium coelestinum (L.) DC.,143
Conostomium kenyense Bremek.,7
Conostomium quadrangulare (Rendle) Cufod.,12
Cordyla africana Lour.,4
Corispermum pallasii Steven,6
Coryphantha elephantidens (Lem.) Lem.,2
Couroupita guianensis Aubl.,199
Coussapoa villosa Poepp. & Endl.,2
Crotalaria brevidens Benth.,6
Crotalaria chrysochlora Baker f. ex Harms,5
Crotalaria deflersii Schweinf.,4
Crotalaria incana L.,11
Crotalaria juncea L.,19
Crotalaria laburnifolia L.,19
Crotalaria pallida Aiton,35
Crotalaria polysperma Kotschy,24
Crotalaria pumila Ortega,4
Crotalaria retusa L.,63
Crotalaria spectabilis Roth,5
Crotalaria uguenensis Taub.,4
Crotalaria verrucosa L.,5
Cryptopus elatus (Thouars) Lindl.,2
Cryptostegia grandiflora R.Br.,2
Cryptostegia madagascariensis Bojer ex Decne.,33
Cucurbita ficifolia Bouché,5
Cucurbita foetidissima Kunth,16
Cucurbita maxima Duchesne,889
Cucurbita moschata Duchesne,325
Cucurbita pepo L.,1440
Cyanotis somaliensis C.B.Clarke,56
Cymbalaria aequitriloba (Viv.) A.Chev.,11
Cymbalaria hepaticifolia (Poir.) Wettst.,2
Cymbalaria muralis P.Gaertn.,8
"Cymbalaria muralis P.Gaertn., B.Mey. & Scherb.",2700
Cyphostemma cyphopetalum (Fresen.) Desc. ex Wild & R.B.Drumm.,8
Cyphostemma juttae (Dinter & Gilg) Desc.,7
Cyphostemma serpens (Hochst. ex A.Rich.) Desc.,19
Cyrtanthus elatus (Jacq.) Traub,11
Cytinus hypocistis (L.) L.,135
Cytinus ruber Fritsch,82
Dalbergia latifolia Roxb.,5
Dalbergia melanoxylon Guill. & Perr.,8
Dalbergia retusa Hemsl.,6
Dalbergia sissoo DC.,3
Dalea purpurea Vent.,31
Danthonia decumbens (L.) DC.,4
Daphne alpina L.,63
Daphne cneorum L.,180
Daphne gnidium L.,730
Daphne laureola L.,661
Daphne mezereum L.,732
Daphne odora Thunb.,47
Daphne oleoides Schreb.,3
Daphne sericea Vahl,10
Daphne striata Tratt.,31
Daphne tangutica Maxim.,9
Daucus carota L.,7208
Daucus muricatus (L.) L.,4
Daucus pusillus Michx.,15
Declieuxia fruticosa (Willd. ex Roem. & Schult.) Kuntze,2
Dendrobium anosmum Lindl.,11
Dendrobium aphyllum (Roxb.) C.E.C.Fisch.,6
Dendrobium chrysotoxum Lindl.,8
Dendrobium closterium Rchb.f.,12
Dendrobium crumenatum Sw.,13
Dendrobium kingianum Bidwill ex Lindl.,2
Dendrobium moschatum (Buch.-Ham.) Sw.,6
Dendrobium munificum (Finet) Schltr.,5
Dendrobium nobile Lindl.,492
Dendrobium spp.,16
Dendrobium thyrsiflorum B.S.Williams,8
Dendrobium victoriae-reginae Loher,63
Diascia rigescens E.Mey. ex Benth.,109
Diascia vigilis Hilliard & Burtt,2
Diatelia tuberaria (L.) Demoly,17
Dierama pulcherrimum (Hook.f.) Baker,38
Diervilla lonicera Mill.,63
Diervilla sessilifolia Buckley,7
Dischidia nummularia R.Br.,12
Dischidia ovata Benth.,5
Dorotheanthus bellidiformis (Burm.f.) N.E.Br.,34
Dracontium polyphyllum L.,2
Dracophyllum verticillatum Labill.,4
Dryas octopetala L.,329
Dryopteris aemula (Aiton) Kuntze,9
Dryopteris affinis (Lowe) Fraser-Jenk.,38
Dryopteris carthusiana (Vill.) H.P. Fuchs,2
Dryopteris carthusiana (Vill.) H.P.Fuchs,40
Dryopteris cristata (L.) A. Gray,8
Dryopteris cristata (L.) A.Gray,20
Dryopteris cycadina (Franch. & Sav.) C. Chr.,3
Dryopteris dilatata (Hoffm.) A.Gray,25
Dryopteris erythrosora (D.C. Eaton) Kuntze,31
Dryopteris erythrosora (Eaton) Kuntze,15
Dryopteris expansa (C.Presl) Fraser-Jenk. & Jermy,14
Dryopteris filix-mas (L.) Schott,1031
Dryopteris fragrans (L.) Schott,13
Dryopteris intermedia (Muhl. ex Willd.) A. Gray,52
Dryopteris marginalis (L.) A. Gray,25
Dryopteris sieboldii (T. Moore) Kuntze,2
Dryopteris villarii (Bellardi) Woyn. ex Schinz & Thell.,14
Dryopteris wallichiana (Spreng.) Hyl.,4
Dubouzetia campanulata Pancher ex Brongn. & Gris,2
Dubouzetia confusa Guillaumin & Virot,2
Duchesnea indica (Andrews) Teschem.,134
Duchesnea indica (Jacks.) Focke,175
Egeria densa Planch.,15
Elephantopus elatus Bertol.,22
Elodea canadensis Michx.,23
Empetrum nigrum L.,169
Empetrum rubrum Vahl ex Willd.,4
Entada gigas (L.) Fawc. & Rendle,3
Entada phaseoloides (L.) Merr.,3
Epipactis atrorubens (Hoffm.) Besser,354
Epipactis gigantea Douglas ex Hook.,2
Epipactis helleborine (L.) Crantz,934
Epipactis leptochila (Godfery) Godfery,18
Epipactis microphylla (Ehrh.) Sw.,15
Epipactis muelleri Godfery,21
Epipactis palustris (L.) Crantz,245
Epipactis phyllanthes G.E.Sm.,4
Epipactis purpurata Sm.,21
Eranthemum pulchellum Andrews,9
Erechtites hieraciifolius (L.) Raf. ex DC.,179
Erechtites minima (Poir.) DC.,8
Erianthemum dregei (Eckl. & Zeyh.) Tiegh.,3
Eritrichium nanum (L.) Schrad. ex Gaudin,25
Erucastrum gallicum (Willd.) O.E.Schulz,36
Erucastrum incanum (L.) W.D.J.Koch,216
Erucastrum nasturtiifolium (Poir.) O.E.Schulz,78
Erycina pusilla (L.) N.H.Williams & M.W.Chase,7
Eucryphia cordifolia Cav.,16
Falcaria vulgaris Bernh.,125
Falcataria moluccana (Miq.) Barneby & J.W.Grimes,6
Faujasia salicifolia (Pers.) C.Jeffrey,9
Fedia cornucopiae (L.) Gaertn.,15
Fedia graciliflora Fisch. & C.A.Mey.,23
Fernelia buxifolia Lam.,5
Fibigia clypeata (L.) Medik.,21
Fittonia albivenis (Lindl. ex Veitch) Brummitt,1056
Fittonia albivenis (Lindl. ex Veitch) R.K. Brummitt,28
Fragaria chiloensis (L.) Mill.,63
Fragaria moschata Weston,68
Fragaria vesca L.,3862
Fragaria virginiana Duchesne,13
Fragaria virginiana Mill.,8
Fragaria viridis Weston,255
Fragaria x ananassa (Duchesne ex Weston) Duchesne ex Rozier,23
Fragaria x ananassa Duchesne ex Rozier,8
Fragaria × ananassa (Duchesne ex Weston) Duchesne ex Rozier,240
Freesia alba (G.L.Mey.) Grumbleton,107
Freesia refracta (Jacq.) Eckl. ex Klatt,79
Freesia refracta (Jacq.) Klatt,131
Freesia x hybrida L.H.Bailey,47
Freycinetia cumingiana Gaudich.,2
Galega officinalis L.,428
Galega orientalis Lam.,9
Garrya elliptica Douglas ex Lindl.,40
Geniostoma borbonicum (Lam.) Spreng.,7
Geropogon hybridus (L.) Sch.Bip.,39
Gomphocarpus fruticosus (L.) R.Br.,64
Gomphocarpus integer (N.E. Br.) Bullock,15
Gomphocarpus physocarpus E.Mey.,219
Goniolimon tataricum (L.) Boiss.,5
Groenlandia densa (L.) Fourr.,10
Guaiacum officinale L.,15
Guaiacum sanctum L.,8
Guarea gomma Pulle,7
Guatteria aeruginosa Standl.,6
Guatteria amplifolia Triana & Planch.,2
Guatteria anteridifera Scharf & Maas,5
Guatteria citriodora Ducke,4
Guatteria dolichopoda Donn. Sm.,3
Guatteria punctata (Aubl.) R.A.Howard,3
Guizotia abyssinica (L. f.) Cass.,3
Guizotia abyssinica (L.f.) Cass.,94
Gymnosporia putterlickioides Loes.,48
Gynura aurantiaca (Blume) DC.,32
Gynura aurantiaca (Blume) Sch.Bip. ex DC.,107
Gynura procumbens (Lour.) Merr.,12
Hackelia velutina (Piper) I.M. Johnst.,15
Haplophyton crooksii (L.D. Benson) L.D. Benson,7
Harpachne schimperi Hochst. ex A. Rich.,21
Hebe andersonii (Lindl. & J. Paxton) Cockayne,84
Hebe andersonii (Lindl. & Paxton) Cockayne,95
Hebe brachysiphon Summerh.,28
Hebe franciscana (Eastw.) Souster,15
Hebe ochracea Ashwin,3
Hebe salicifolia (G.Forst.) Pennell,502
Helicodiceros muscivorus (L.f.) Engl.,7
Helminthotheca echioides (L.) Holub,1291
Hepatica nobilis Mill.,50
Herbertia lahue (Molina) Goldblatt,21
Hernandia cordigera Vieill.,2
Hernandia mascarenensis (Meisn.) Kubitzki,4
Hernandia nymphaeifolia (J.Presl) Kubitzki,2
Heteromorpha arborescens (Spreng.) Cham. & Schltdl.,2
Hippophae rhamnoides L.,420
Holodiscus discolor (Pursh) Maxim.,120
Honckenya peploides (L.) Ehrh.,194
Humulus lupulus L.,2007
Hunnemannia fumariifolia Sweet,5
Hyoscyamus albus L.,233
Hyoscyamus niger L.,240
Hyoseris radiata L.,127
Hypericum androsaemum L.,1359
Hypericum annulatum Moris,32
Hypericum australe Ten.,8
Hypericum balearicum L.,14
Hypericum calycinum L.,1941
Hypericum canariense L.,16
Hypericum coris L.,6
Hypericum elodes L.,27
Hypericum empetrifolium Willd.,4
Hypericum frondosum Michx.,9
Hypericum hircinum L.,111
Hypericum hirsutum L.,247
Hypericum humifusum L.,106
Hypericum hypericoides (L.) Crantz,26
Hypericum hyssopifolium Chaix,3
Hypericum kalmianum L.,9
Hypericum lanceolatum Lam.,48
Hypericum linariifolium Vahl,11
Hypericum maculatum Crantz,289
Hypericum montanum L.,43
Hypericum mutilum L.,8
Hypericum nummularium L.,31
Hypericum olympicum L.,37
Hypericum patulum Thunb.,200
Hypericum perfoliatum L.,48
Hypericum perforatum L.,6140
Hypericum prolificum L.,21
Hypericum pulchrum L.,73
Hypericum punctatum Lam.,16
Hypericum revolutum Vahl,3
Hypericum richeri Vill.,61
Hypericum tetrapetalum Lam.,4
Hypericum tetrapterum Fr.,133
Hypericum tomentosum L.,13
Hypericum triquetrifolium Turra,8
Hypericum x hidcoteense Hilling ex Geerinck,835
Hypericum x inodorum Mill.,6
Ibicella lutea (Lindl.) Van Eselt.,4
Illicium floridanum J. Ellis,8
Illicium verum Hook.f.,8
Iva annua L.,7
Iva frutescens L.,6
Iva xanthiifolia Nutt.,10
Keckiella cordifolia (Benth.) Straw,2
Kigelia africana (Lam.) Benth.,97
Kniphofia linearifolia Baker,24
Kniphofia uvaria (L.) Hook.,968
Kniphofia uvaria (L.) Oken,536
Lactuca alpina (L.) A.Gray,48
Lactuca alpina (L.) Benth. & Hook.f.,302
Lactuca biennis (Moench) Fernald,15
Lactuca canadensis L.,39
Lactuca floridana (L.) Gaertn.,40
Lactuca macrophylla (Willd.) A.Gray,7
Lactuca muralis (L.) Gaertn.,571
Lactuca perennis L.,511
Lactuca plumieri (L.) Gren. & Godr.,175
Lactuca saligna L.,27
Lactuca sativa L.,742
Lactuca serriola L.,3031
Lactuca tenerrima Pourr.,18
Lactuca viminea (L.) J.Presl & C.Presl,102
Lactuca virosa Habl.,80
Lactuca virosa L.,335
Lagenaria siceraria (Molina) Standl.,112
Lagenaria sphaerica (Sond.) Naudin,8
Lamium album L.,1671
Lamium amplexicaule L.,823
Lamium bifidum Cirillo,15
Lamium flexuosum Ten.,65
Lamium galeobdolon (L.) L.,2738
Lamium garganicum L.,10
Lamium hybridum Vill.,661
Lamium maculatum (L.) L.,1685
Lamium maculatum L.,126
Lamium orvala L.,83
Lamium purpureum L.,4502
Lapageria rosea Ruiz & Pav.,10
Lapsana communis L.,2788
Lathraea clandestina L.,450
Lathraea squamaria L.,271
Lavandula angustifolia Mill.,2739
Lavandula canariensis (L.) Mill.,6
Lavandula canariensis Mill.,15
Lavandula dentata L.,704
Lavandula latifolia Medik.,379
Lavandula minutolii Bolle,2
Lavandula multifida L.,55
Lavandula pinnata Moench,9
Lavandula spp.,8
Lavandula stoechas L.,1534
Lavandula x intermedia Emeric ex Loisel.,2
Leersia oryzoides (L.) Sw.,16
Leersia virginica Willd.,2
Leonitis nepetifolia (L.) R.Br.,16
Leptinella potentillina F.Muell.,8
Leucophyta brownii Cass.,40
Limbarda crithmoides (L.) Dumort.,292
Limnanthes douglasii R. Br.,17
Limnanthes douglasii R.Br.,32
Limonia acidissima Groff,3
Liriodendron chinensis (Hemsl.) Sarg.,3
Liriodendron tulipifera L.,2101
Liriope muscari (Decne.) L.H. Bailey,47
Liriope muscari (Decne.) L.H.Bailey,204
Lithodora fruticosa (L.) Griseb.,473
Lithops aucampiae L. Bolus,12
Lithops fulviceps N.E.Br.,7
Lithops karasmontana N.E.Br.,7
Lithops marmorata N.E.Br.,10
Lithops olivacea L. Bolus,15
Lithops pseudotruncatella N.E.Br.,128
Lithops spp.,59
Lomatia ferruginea R. Br.,24
Loropetalum chinense (R. Br.) Oliv.,159
Luffa acutangula (L.) Roxb.,30
Luffa cylindrica (L.) M.Roem.,16
Lupinus albifrons Benth.,55
Lupinus albus L.,65
Lupinus angustifolius L.,528
Lupinus arboreus Sims,103
Lupinus argenteus Pursh,8
Lupinus bicolor Lindl.,15
Lupinus chamissonis Eschsch.,4
Lupinus cosentinii Guss.,2
Lupinus diffusus Nutt.,2
Lupinus formosus Greene,4
Lupinus hirsutissimus Benth.,2
Lupinus luteus L.,70
Lupinus micranthus Guss.,26
Lupinus nootkatensis Donn ex Sims,5
Lupinus nootkatensis Sims,8
Lupinus perennis L.,9
Lupinus pilosus L.,2
Lupinus polyphyllus Lindl.,2245
Lupinus subcarnosus Hook.,2
Lupinus texensis Hook.,18
Lupinus x regalis Bergmans,21
Lycoris radiata (L'Hér.) Herb.,72
Lycoris squamigera Maxim.,79
Lyonothamnus floribundus A. Gray,2
Macrosyringion longiflorum (Vohl) Rothm.,5
Maerua angolensis DC.,5
Maerua triphylla A. Rich.,4
Maianthemum bifolium (L.) F.W.Schmidt,347
Maianthemum canadense Desf.,183
Maianthemum racemosum (L.) Link,198
Maianthemum stellatum (L.) Link,56
Maianthemum trifolium (L.) Sloboda,2
Margaritopsis haematocarpa (Standl.) C.M.Taylor,2
Maurandya barclayana Lindl.,2
Mauritia flexuosa L.f.,7
Maytenus boaria Molina,12
Maytenus ilicifolia Mart. ex Reissek,6
Mazus pumilus (Burm. f.) Steenis,6
Mazus pumilus (Burm.f.) Steenis,3
Mecardonia procumbens (Mill.) Small,10
Melampodium divaricatum (Rich. ex Rich.) DC.,33
Melampodium divaricatum (Rich.) DC.,8
Melampodium leucanthum Torr. & A. Gray,8
Melampodium perfoliatum (Cav.) Kunth,2
Melilotus albus Medik.,1379
Melilotus altissimus Thuill.,76
Melilotus indicus (L.) All.,566
Melilotus italicus (L.) Lam.,3
Melilotus officinalis (L.) Lam.,630
Melilotus officinalis (L.) Pall.,158
Melilotus spicatus (Sm.) Breistr.,8
Melilotus sulcatus Desf.,10
Mercurialis ambigua L.f.,2
Mercurialis annua L.,1224
Mercurialis perennis L.,728
Mercurialis tomentosa L.,48
Mertensia ciliata (James ex Torr.) G. Don,9
Mertensia maritima (L.) Gray,56
Mertensia paniculata (Aiton) G. Don,6
Mertensia virginica (L.) Pers. ex Link,117
Metasequoia glyptostroboides Hu & W.C. Cheng,24
Metasequoia glyptostroboides Hu & W.C.Cheng,410
Meum athamanticum Jacq.,170
Microchloa kunthii Desv.,3
Mitella diphylla L.,6
Moehringia ciliata (Scop.) Dalla Torre,163
Moehringia lateriflora (L.) Fenzl,3
Moehringia muscosa L.,74
Moehringia pentandra J.Gay,5
Moehringia trinervia (L.) Clairv.,84
Montanoa hibiscifolia Benth.,17
Morinda citrifolia L.,218
Mussaenda arcuata Poir.,3
Mussaenda erythrophylla Schumach. & Thonn.,114
Mussaenda frondosa L.,10
Mussaenda philippica A. Rich.,27
Mussaenda philippica A.Rich.,113
Mussaenda pubescens Dryand.,2
Myosoton aquaticum (L.) Moench,168
Myosurus minimus L.,14
Nandina domestica Thunb.,923
Narthecium ossifragum (L.) Huds.,117
Neobuxbaumia polylopha (DC.) Backeb.,7
Neolamarckia cadamba (Roxb.) Bosser,19
Neotinea conica (Willd.) R.M.Bateman,7
"Neotinea lactea (Poir.) R.M.Bateman, Pridgeon & M.W.Chase",28
Neotinea maculata (Desf.) Stearn,15
"Neotinea tridentata (Scop.) R.M.Bateman, Pridgeon & M.W.Chase",145
"Neotinea ustulata (L.) R.M.Bateman, Pridgeon & M.W.Chase",345
Nepenthes alata Blanco,7
Nepenthes mirabilis (Lour.) Druce,7
Nepenthes spp.,7
Nepenthes truncata Macfarl.,3
Nepenthes vieillardii Hook. f.,33
Nepenthes × neglecta Macfarl.,7
Nephrolepis abrupta (Bory) Mett.,28
Nephrolepis biserrata (Sw.) Schott,127
Nephrolepis cordifolia (L.) C. Presl,301
Nephrolepis cordifolia (L.) C.Presl,88
Nephrolepis exaltata (L.) Schott,550
Nephrolepis falcata (Cav.) C. Chr.,23
Noccaea caerulescens (J.Presl & C.Presl) F.K.Mey.,32
Noccaea montana (L.) F.K.Mey.,8
Noccaea rotundifolia (L.) Moench,65
Nothofagus alpina (Poepp. & Endl.) Oerst.,6
Nothofagus antarctica (G.Forst.) Oerst.,47
Nothofagus betuloides (Mirb.) Oerst.,6
Nothofagus dombeyi (Mirb.) Oerst.,31
Nothofagus nitida (Phil.) Krasser,9
Nothofagus obliqua (Mirb.) Oerst.,9
Nothofagus pumilio (Poepp. & Endl.) Krasser,26
Nyctaginia capitata Choisy,3
Nymphaea alba L.,903
Nymphaea ampla (Salisb.) DC.,15
Nymphaea candida C.Presl,74
Nymphaea lotus L.,26
Nymphaea mexicana Zucc.,14
Nymphaea nouchali Burm. f.,5
Nymphaea nouchali Burm.f.,42
Nymphaea odorata Aiton,64
Nymphaea rubra Roxb. ex Andrews,2
Nymphaea tetragona Georgi,7
Nymphoides indica (L.) Kuntze,15
Nymphoides peltata (S.G.Gmel.) Kuntze,72
Oldenlandia corymbosa L.,33
Oncostema elongata (Parl.) Speta,2
Oncostema peruviana (L.) Speta,120
Ophrys apifera Huds.,1503
Ophrys arachnitiformis Gren. & M.Philippe,29
Ophrys araneola sensu auct.plur.,35
Ophrys aranifera Huds.,233
Ophrys aveyronensis (J.J.Wood) P.Delforge,6
Ophrys aymoninii (Breistr.) Buttler,5
Ophrys bertolonii Moretti,104
Ophrys bombyliflora Link,10
Ophrys catalaunica O.Danesch & E.Danesch,6
Ophrys druentica P.Delforge & Viglione,2
Ophrys exaltata Ten.,14
Ophrys fuciflora (F.W.Schmidt) Moench,317
Ophrys fusca Link,113
Ophrys incubacea Bianca,27
Ophrys insectifera L.,199
Ophrys lunulata Parl.,3
Ophrys lupercalis Devillers & Devillers-Tersch.,40
Ophrys lutea Cav.,217
Ophrys morisii (Martelli) Soó,3
Ophrys occidentalis (Scappaticci) Scappaticci & M.Demange,18
Ophrys passionis Sennen,120
Ophrys provincialis (Baumann & Künkele) Paulus,4
Ophrys pseudoscolopax (Moggr.) Paulus & Gack,3
Ophrys saratoi E.G.Camus,7
Ophrys scolopax Cav.,359
Ophrys speculum Link,103
Ophrys sulcata Devillers & Devillers-Tersch.,5
Ophrys tenthredinifera Willd.,104
Ophrys virescens Philippe,63
Oreopteris limbosperma (Bellardi ex All.) Holub,38
Osmunda cinnamomea L.,16
Osmunda claytoniana L.,57
Osmunda regalis L.,312
Othonna capensis L.H.Bailey,79
Oxydendrum arboreum (L.) DC.,19
Paederia foetida L.,18
Paederota bonarota (L.) L.,5
Pancratium canariense Ker Gawl.,2
Pancratium illyricum L.,45
Pancratium maritimum L.,1030
Pancratium maritimum L. L.,3
Papaver alpinum L.,306
Papaver argemone L.,231
Papaver atlanticum (Ball) Coss.,21
Papaver croceum Ledeb.,30
Papaver dubium L.,410
Papaver hybridum L.,107
Papaver nudicaule L.,55
Papaver orientale L.,873
Papaver pseudoorientale (Fedde) Medw.,96
Papaver rhaeticum Leresche,12
Papaver rhoeas L.,4005
Papaver rupifragum Boiss. & Reut.,5
Papaver somniferum L.,2448
Patzkea paniculata (L.) G.H.Loos,8
Pelargonium alchemilloides (L.) L'Hér.,27
Pelargonium capitatum (L.) L'Hér.,2
Pelargonium crispum (P.J. Bergius) L'Hér.,8
Pelargonium echinatum Curtis,3
Pelargonium glechomoides A. Rich.,7
Pelargonium grandiflorum Willd.,31
Pelargonium graveolens L'Hér.,1716
Pelargonium inquinans (L.) Aiton,1022
Pelargonium odoratissimum (L.) L'Hér.,14
Pelargonium panduriforme Eckl. & Zeyh.,3
Pelargonium peltatum (L.) Aiton,64
Pelargonium peltatum (L.) L'Hér.,160
Pelargonium quercifolium (L. f.) L'Hér.,7
Pelargonium quinquelobatum Hochst. ex A. Rich.,24
Pelargonium sidoides DC.,9
Pelargonium spp.,27
Pelargonium tomentosum Jacq.,10
Pelargonium x asperum Ehrh. ex Willd.,20
Pelargonium x hortorum L.H. Bailey,103
Pelargonium x hybridum (L.) Aiton,175
Pelargonium zonale (L.) L'Hér.,891
Pelargonium zonale (L.) L'Hér. ex Aiton,1762
Pelargonium × hortorum L.H. Bailey,85
Peperomia albovittata C. DC.,95
Peperomia argyreia (Hook.f.) E.Morren,159
Peperomia argyreia (Miq.) E.Morren,19
Peperomia caperata Yunck.,266
Peperomia clusiifolia (Jacq.) Hook.,21
Peperomia columella Rauh & Hutchison,3
Peperomia dolabriformis Kunth,2
Peperomia ferreyrae Yunck.,97
Peperomia graveolens Rauh & Barthlott,26
Peperomia maculosa (L.) Hook.,3
Peperomia magnoliifolia (Jacq.) A.Dietr.,230
Peperomia obtusifolia (L.) A. Dietr.,154
Peperomia obtusifolia (L.) A.Dietr.,416
Peperomia pecuniifolia Trel. & Standl.,19
Peperomia pellucida (L.) Kunth,128
Peperomia polybotrya Kunth,86
Peperomia prostrata B.S. Williams,39
Peperomia quadrangularis (J.V.Thomps.) A.Dietr.,42
Peperomia rotundifolia (L.) Kunth,88
Peperomia serpens (Sw.) Loudon,213
Peperomia tetragona Ruiz & Pav.,5
Peperomia verticillata (L.) A.Dietr.,23
Pereskia aculeata Mill.,48
Pereskia bleo (Kunth) DC.,48
Pereskia grandifolia Haw.,55
Perovskia abrotanoides Kar.,75
Perovskia atriplicifolia Benth.,1597
Petiveria alliacea L.,37
Phalaris aquatica L.,32
Phalaris arundinacea L.,543
Phalaris canariensis L.,85
Phalaris coerulescens Desf.,14
Phalaris minor Retz.,15
Phalaris paradoxa L.,7
Phedimus aizoon (L.) 't Hart,141
Phedimus spurius (M.Bieb) 't Hart,219
Phedimus stellatus (L.) Raf.,3
Phyllanthus acidus (L.) Skeels,40
Phyllanthus amarus Schumach. & Thonn.,72
Phyllanthus emblica L.,21
Phyllanthus epiphyllanthus L.,4
Phyllanthus fischeri Pax,2
Phyllanthus mimosoides Sw.,8
Phyllanthus niruri L.,25
Phyllanthus niruroides Müll.Arg.,5
Phyllanthus phillyreifolius Poir.,11
Phyllanthus reticulatus Poir.,4
Phyllanthus suffrutescens Pax,4
Phyllanthus tenellus Roxb.,91
Phyllanthus urinaria L.,65
Pilocarpus racemosus Vahl,3
Pilosocereus chrysostele (Vaupel) Byles & G.D.Rowley,8
Pilosocereus pachycladus F. Ritter,129
Pilosocereus royeni (L.) Byles & G. Rowley,2
Piriqueta cistoides (L.) Griseb.,4
Pleurospermum austriacum (L.) Hoffm.,2
Pogonophora schomburgkiana Miers ex Benth.,8
Pongamia pinnata (L.) Pierre,60
Prosopis alba Griseb.,3
Prosopis farcta (Banks & Sol.) J.F.Macbr.,7
Prosopis glandulosa Torr.,34
Prosopis juliflora (Sw.) DC.,14
Prosopis pallida (Willd.) Kunth,4
Prosopis pubescens Benth.,2
Pterocephalus perennis Coult.,3
Punica granatum L.,2811
Pyracantha coccinea M. Roem.,79
Pyracantha coccinea M.Roem.,3183
Pyracantha koidzumii (Hayata) Rehder,15
Pyracantha rogersiana (A.B.Jacks.) Coltm.-Rog.,41
Raphia farinifera (Gaertn.) Hyl.,8
Rhodanthe chlorocephala (Turcz.) Paul G.Wilson,7
Rhodothamnus chamaecistus (L.) Rchb.,26
Rumohra adiantiformis (G. Forst.) Ching,32
Sagittaria graminea Michx.,15
Sagittaria lancifolia L.,10
Sagittaria latifolia Willd.,79
Sagittaria montevidensis Cham. & Schltdl.,12
Sagittaria sagittifolia L.,63
Sagotia racemosa Baill.,24
Sasa palmata (Burb.) Camus,13
Sasa palmata (Burb.) E.G.Camus,2
Schefflera actinophylla (Endl.) Harms,430
Schefflera actinophylla (F.Muell.) Harms,7
Schefflera actinophylla Harms,322
Schefflera arboricola (Hayata) Merr.,1578
Schefflera decaphylla (Seem.) Harms,7
Schefflera heptaphylla (L.) Frodin,6
Schefflera morototoni (Aubl.) Maguire,3
Schefflera spp.,5
Schinopsis balansae Engl.,2
Schkuhria pinnata (Lam.) Kuntze ex Thell.,3
Schkuhria pinnata (Lam.) Thell.,11
Secale cereale L.,232
Sedum acre L.,1700
Sedum adolphii Raym.-Hamet,498
Sedum albomarginatum R.T. Clausen,8
Sedum album L.,2468
Sedum allantoides Rose,9
Sedum alpestre Vill.,22
Sedum amplexicaule DC.,24
Sedum andegavense (DC.) Desv.,20
Sedum anglicum Huds.,118
Sedum annuum L.,3
Sedum atratum L.,64
Sedum brevifolium DC.,63
Sedum burrito Moran,255
Sedum caeruleum L.,79
Sedum caespitosum (Cav.) DC.,4
Sedum cepaea L.,79
Sedum clavatum R.T. Clausen,114
Sedum compressum Rose,2
Sedum cyaneum J. Rudolph,4
Sedum dasyphyllum L.,620
Sedum decumbens R.T. Clausen,4
Sedum dendroideum Moc. & Sessé ex DC.,47
Sedum divergens S. Watson,3
Sedum forsterianum Sm.,184
Sedum furfuraceum Moran,9
Sedum glaucophyllum R.T. Clausen,14
Sedum hernandezii J. Meyrán,26
Sedum hirsutum All.,92
Sedum hispanicum L.,159
Sedum japonicum Siebold ex Miq.,74
Sedum kamtschaticum Fisch.,2
Sedum kamtschaticum Fisch. & C.A.Mey.,103
Sedum lanceolatum Torr.,9
Sedum laxum (Britton) A. Berger,7
Sedum lineare Thunb.,90
Sedum litoreum Guss.,8
Sedum makinoi Maxim.,95
Sedum mexicanum Britton,63
Sedum montanum Perrier & Songeon,22
Sedum moranense Kunth,2
Sedum morganianum E.Walther,504
Sedum multiceps Coss. & Durieu,8
Sedum niveum Davidson,2
Sedum nussbaumerianum Bitter,160
Sedum obtusatum A. Gray,5
Sedum ochroleucum Chaix,94
Sedum oreganum Nutt.,8
Sedum pachyphyllum Rose,250
Sedum palmeri S. Watson,608
Sedum palmeri S.Watson,663
Sedum praealtum A.DC.,31
Sedum pulchellum Michx.,4
Sedum rubens L.,64
Sedum rubrotinctum R.T. Clausen,352
Sedum rupestre L.,1303
Sedum sarmentosum Bunge,104
Sedum sediforme (Jacq.) Pau,1570
Sedum sexangulare L.,258
Sedum spathulifolium Hook.,267
Sedum ternatum Michx.,47
Sedum villosum L.,8
Selenicereus anthonyanus (Alexander) D.Hunt,4
Selenicereus anthonyanus (Alexander) D.R. Hunt,181
Selenicereus grandiflorus (L.) Britton & Rose,12
Smilax anceps Willd.,7
Smilax aspera L.,1181
Smilax bona-nox L.,108
Smilax china L.,2
Smilax excelsa L.,4
Smilax glauca Walter,10
Smilax herbacea L.,18
Smilax laurifolia L.,2
Smilax rotundifolia L.,116
Smilax tamnoides L.,13
Spergularia rubra (L.) J. Presl & C. Presl,3
Stanleya pinnata (Pursh) Britton,7
Stemodia verticillata (Mill.) Hassl.,6
Stenanona costaricensis R.E. Fr.,3
Stenocactus multicostatus (Hildm.) A. Berger ex A.W. Hill,24
Stoebe passerinoides (Lam.) Willd.,16
Striga asiatica (L.) Kuntze,13
Strongylodon macrobotrys A.Gray,47
Tagetes erecta L.,2330
Tagetes lemmonii A. Gray,7
Tagetes lemmonii A.Gray,8
Tagetes lucida Cav.,7
Tagetes lunulata Ortega,2
Tagetes minuta L.,96
Tagetes patula L.,1007
Tagetes tenuifolia Cav.,66
Telekia speciosa (Schreb.) Baumg.,235
Tephrocactus geometricus (A. Cast.) Backeb.,4
Tetraclinis articulata (Vahl) Mast.,37
Thapsia garganica L.,25
Thapsia villosa L.,486
Thesium alpinum L.,18
Thesium humifusum DC.,31
Thesium linophyllon L.,8
Thesium pyrenaicum Pourr.,8
Trachelospermum asiaticum (Siebold & Zucc.) Nakai,14
Trachelospermum jasminoides (Lindl.) Lem.,1952
Tradescantia cerinthoides Kunth,100
Tradescantia crassifolia Cav.,2
Tradescantia fluminensis Vell.,1040
Tradescantia occidentalis (Britton) Smyth,16
Tradescantia ohiensis Raf.,147
Tradescantia pallida (Rose) D.R. Hunt,241
Tradescantia pallida (Rose) D.R.Hunt,1776
Tradescantia sillamontana Matuda,260
Tradescantia spathacea Sw.,923
Tradescantia subaspera Ker Gawl.,4
Tradescantia virginiana L.,1118
Tradescantia x andersoniana F.Ludw. & Rohweder,23
Tradescantia zebrina Bosse,1779
Tradescantia zebrina Heynh. ex Bosse,60
Tradescantia zebrina hort. ex Bosse,135
Tradescantia × andersoniana W.Ludw. & Rohweder,7
Triadica sebifera (L.) Small,75
Trifolium alexandrinum L.,15
Trifolium alpestre L.,145
Trifolium alpinum L.,291
Trifolium angustifolium L.,327
Trifolium arvense L.,648
Trifolium aureum Pollich,163
Trifolium badium Schreb.,135
Trifolium campestre Schreb.,723
Trifolium cherleri L.,10
Trifolium dubium Sibth.,622
Trifolium fragiferum L.,131
Trifolium glomeratum L.,7
Trifolium hirtum All.,35
Trifolium hybridum L.,185
Trifolium incarnatum L.,1319
Trifolium lappaceum L.,7
Trifolium medium L.,244
Trifolium michelianum Savi,3
Trifolium micranthum Viv.,4
Trifolium montanum L.,187
Trifolium nigrescens Viv.,23
Trifolium ochroleucon Huds.,39
Trifolium pallescens Schreb.,11
Trifolium pannonicum Jacq.,4
Trifolium patens Schreb.,8
Trifolium pratense L.,5063
Trifolium purpureum Loisel.,67
Trifolium repens L.,3353
Trifolium resupinatum L.,168
Trifolium rubens L.,242
Trifolium scabrum L.,8
Trifolium spadiceum L.,8
Trifolium spumosum L.,7
Trifolium squamosum L.,3
Trifolium stellatum L.,329
Trifolium striatum L.,8
Trifolium subterraneum L.,31
Trifolium thalii Vill.,2
Trifolium tomentosum L.,47
Trimezia martinicensis (Jacq.) Herb.,94
Trinia glauca (L.) Dumort.,24
Uncinia rubra Colenso ex Boott,2
Urera baccifera (L.) Gaudich. ex Wedd.,14
Vaccaria hispanica (Mill.) Rauschert,292
Vangueria madagascariensis J.F.Gmel.,15
Vanilla planifolia Andrews,21
Vanilla planifolia Jacks.,22
Vanilla planifolia Jacks. ex Andrews,35
Vanilla pompona Schiede,8
Vepris lanceolata (Lam.) G.Don,4
Viscaria alpina (L.) G.Don,13
Viscaria vulgaris Bernh.,132
Vismia cayennensis (Jacq.) Pers.,5
Vismia macrophylla Kunth,2
Vismia sessilifolia (Aubl.) Choisy,2
Wigandia caracasana Kunth,12
Wigandia urens (Ruiz & Pav.) Kunth,5
Wodyetia bifurcata A.K.Irvine,9
Xylococcus bicolor Nutt.,2
Xylopia crinita R.E.Fr.,3
Xylopia frutescens Aubl.,4
Xylopia nitida Dunal,10
Xylopia sericea A.St.-Hil.,7
Zaleya pentandra (L.) C.Jeffrey,4
Zamia furfuracea L.f.,5
Zamia furfuracea L.f. ex Aiton,48
Zamia pumila L.,17
Zamioculcas zamiifolia (Lodd.) Engl.,1730
Zannichellia palustris L.,3
